Username,DateTime,Prompt,Response
abc,2024-07-22 12:42:24,names of clients,"Based on the SQL query and response, the names of the clients in the company's database are:

* John Doe
* Jane Smith
* Alice Johnson

These names can be found in the 'customers' table, which contains information about each client, including their first and last names."
abc,2024-07-22 12:42:33,names of clients,"Based on the SQL query and response, the names of the clients in the company's database are:

* John Doe
* Jane Smith
* Alice Johnson

These names can be found in the 'customers' table, which contains information about each client, including their first and last names."
jr,2024-07-22 12:44:38,names of client,"Based on the SQL query and response, the names of the clients in the company's database are:

* John Doe
* Jane Smith
* Alice Johnson

These names can be found in the 'customers' table, which contains information about each client, including their first and last names."
jr,2024-07-22 19:42:05,print table name,"The table names in the company's database are 'customers', 'orderdetails', 'orders', and 'products'."
jr,2024-07-22 19:53:56,print table names,"Sure, here are the table names in the company's database: customers, orderdetails, orders, and products."
jr,2024-07-22 19:54:41,print column names in customers,"The column names in the customers table are: CustomerID, FirstName, LastName, Email, Phone, and Address."
jr,2024-07-22 20:03:57,print table names,"The table names in the company's database are: customers, orderdetails, orders, and products."
jr,2024-07-22 20:04:42,print column names of customers,"The column names for the customers table are: customerid, firstname, lastname, email, phone, and address."
jr,2024-07-22 20:30:00,print table name,"The table names in the company's database are 'customers', 'orderdetails', 'orders', and 'products'."
jjr,2024-07-22 20:33:34,print column names for table customers,"The column names for the 'customers' table are 'customerid', 'firstname', 'lastname', 'email', 'phone', and 'address'."
abcd,2024-07-22 20:37:29,print table names,"The table names in the company's database are: customers, orderdetails, orders, and products."
aaaaa,2024-07-22 20:38:27,print column names for table customers,"The column names for the customers table are: CustomerID, FirstName, LastName, Email, Phone, and Address."
aaaaa,2024-07-22 20:40:32,who lives in new york,"Based on the query you provided, the users who live in an address containing the string ""New York"" are not listed in the response. However, I can tell you that according to the data in the customers table, no one currently lives in New York.

Let me know if you have any other questions or need information from a different table."
aaaaa,2024-07-22 20:40:55,who lives in new york,"Based on the query you provided, the users who live in an address containing the string ""New York"" are not listed in the response. However, I can tell you that according to the data in the customers table, no one currently lives in New York.

Let me know if you have any other questions or need information from a different table."
aaaaa,2024-07-22 20:42:46,who lives in new york,"Based on the query you provided, the users who live in an address containing the string ""New York"" are not listed in the response. However, I can tell you that according to the data in the customers table, no one currently lives in New York.

This is because the query you provided searches for any address containing the exact string ""New York"". If you're looking for users who live in New York state or city, you may want to try a broader search term such as '%New York%' or '%NY%' to account for variations in the address format.

Let me know if you have any other questions or need information from a different table."
aaaaa,2024-07-22 20:44:23,print all the address in table customers,"The response to your query shows the addresses of all customers in the database. The addresses are:

1. 123 Elm St, Springfield
2. 456 Oak St, Metropolis
3. 789 Pine St, Gotham"
jr,2024-07-22 21:40:37,print the table names,"Based on the user's question and the SQL query provided, it appears that the user is asking for the names of the tables in the company's database. The SQL query `SHOW TABLES;` was executed to retrieve this information, and the response shows that there are four tables in the database: customers, orderdetails, orders, and products.

Here's a natural language response to the user's question:

""The four tables in the company's database are named customers, orderdetails, orders, and products."""
jr,2024-07-22 23:47:26,columns in table customers,"The ""customers"" table has the following columns:

* CustomerID (bigint unsigned, primary key, auto-increments)
* FirstName (varchar(50))
* LastName (varchar(50))
* Email (varchar(100))
* Phone (varchar(15))
* Address (varchar(255))

Where CustomerID is the primary key and auto-increments for each new customer. The other columns store the customer's first name, last name, email, phone number, and address respectively."
jr,2024-07-23 08:33:44,print column in table products,"Based on the SQL query and response you provided, the columns in the ""products"" table are:

1. ProductID (type: BIGINT UNSIGNED)
2. ProductName (type: VARCHAR(100))
3. Category (type: VARCHAR(50))
4. Price (type: DECIMAL(10, 2))
5. StockQuantity (type: INTEGER)

The SQL response shows the data contained in these columns for the first five products in the table."
jr,2024-07-23 08:34:49,add table user with id and name,"Based on the SQL query and response you provided, a new table named ""user"" has been successfully created with two columns: ""ID"" and ""Name"". The ""ID"" column is of type BIGINT UNSIGNED and serves as the primary key for this table, auto-incrementing with each new record. The ""Name"" column is of type VARCHAR(50) and can store user names."
jjrjaswanth@gmail.com,2024-07-23 21:16:40,print the column names in customers,"The column names in the customers table are: CustomerID, FirstName, LastName, Email, Phone, and Address."
jjrjaswanth@gmail.com,2024-07-23 21:26:41,print column name for table customers,"The column names for the customers table are: CustomerID, FirstName, LastName, Email, Phone, and Address."
abc@gmail.com,2024-07-23 21:54:03,print the column names in table customers,"The column names in the customers table are: CustomerID, FirstName, LastName, Email, Phone, and Address."
abc@gmail.com,2024-07-23 21:58:15,print the name of the columns in table customers,"The names of the columns in the customers table are CustomerID, FirstName, LastName, Email, Phone, and Address. The SQL query you provided selects all of these columns and the SQL response shows three rows of data from the customers table, with each row containing the values for each of these columns."
abc@gmail.com,2024-07-23 21:58:38,print the name of the columns in table customers,"The names of the columns in the customers table are CustomerID, FirstName, LastName, Email, Phone, and Address. The SQL query you provided selects all of these columns and the SQL response shows the first row of data from the customers table, with each value corresponding to the respective column."
,2024-07-23 23:12:36,print the names of the column in the table customers,"The names of the columns in the customers table are: Address, CustomerID, Email, FirstName, LastName, and Phone."
,2024-07-24 00:04:24,print the column names of the table customers,"The column names of the customers table are: CustomerID, FirstName, LastName, Email, Phone, and Address."
,2024-07-24 00:05:06,add column address to table user,"The SQL query you provided successfully added a new column named ""Address"" to the ""user"" table. Now, the ""user"" table has the following columns: ID, Name, and Address."
,2024-07-24 00:28:04,print the columns in table user,"Based on the SQL query and response you provided, the columns in the ""customers"" table are: customerid, firstname, lastname, email, phone, and address. Here is the information for all the customers in the table:

* (1, 'John', 'Doe', 'john.doe@example.com', '123-456-7890', '123 Elm St, Springfield')
* (2, 'Jane', 'Smith', 'jane.smith@example.com', '098-765-4321', '456 Oak St, Metropolis')
* (3, 'Alice', 'Johnson', 'alice.johnson@example.com', '555-123-4567', '789 Pine St, Gotham')

You can see the customer ID, first name, last name, email, phone number, and address for each customer in the table. Let me know if you have any other questions."
,2024-07-24 01:46:46,who lives in new york,"Based on the query you provided, the `user` table does not contain any records with an address in New York. Therefore, no one in our records lives in New York."
,2024-07-24 01:48:48,print column names in table customers,"The column names in the customers table are:

1. CustomerID (type: bigint unsigned)
2. FirstName (type: varchar(50))
3. LastName (type: varchar(50))
4. Email (type: varchar(100))
5. Phone (type: varchar(15))
6. Address (type: varchar(255))"
,2024-07-24 01:49:27,delete the table user,"I have executed the SQL command to drop the 'user' table. The 'user' table has been successfully deleted from the database. Please note that this action is irreversible. If you need a 'user' table in the future, you will have to create it again. Let me know if you have any other questions or tasks."
,2024-07-24 01:51:36,print the column names of table customers,"The column names in the customers table are:

1. customerid (type: serial not null)
2. firstname (type: varchar(50))
3. lastname (type: varchar(50))
4. email (type: varchar(100))
5. phone (type: varchar(15))
6. address (type: varchar(255))

These are the same column names that were printed earlier. The SQL query and response confirm that these are the correct column names for the customers table. Let me know if you have any other questions."
,2024-07-24 01:59:06,create table user with name and id ,"Sure, I have executed the SQL query you provided to create a new table named ""user"" with columns ""ID"" and ""Name"". The ""ID"" column is the primary key and will auto-increment with each new entry. The table uses the utf8mb4_0900_ai_ci collation and InnoDB storage engine.

Here is the SQL query you provided:

<SQL>CREATE TABLE user (
`ID` BIGINT UNSIGNED NOT NULL AUTO_INCREMENT, 
`Name` VARCHAR(50), 
PRIMARY KEY (`ID`)
)COLLATE utf8mb4_0900_ai_ci ENGINE=InnoDB DEFAULT CHARSET=utf8mb4</SQL>

And here is the response from the database:

(No response is expected for a CREATE TABLE statement, but the table should now be available in the database.)

Let me know if you have any other questions or need further assistance!"
,2024-07-24 01:59:51,delete table user,"Sure, I have executed the SQL query you provided to drop the ""user"" table. The table has now been successfully deleted from the database. Let me know if you have any other questions or need further assistance!"
,2024-07-24 02:01:59,print columns in table customers,"The ""customers"" table contains the following columns: customerid, firstname, lastname, email, phone, and address. Here is the data contained in the first three rows of the table:

1. John Doe, john.doe@example.com, 123-456-7890, 123 Elm St, Springfield
2. Jane Smith, jane.smith@example.com, 098-765-4321, 456 Oak St, Metropolis
3. Alice Johnson, alice.johnson@example.com, 555-123-4567, 789 Pine St, Gotham

Let me know if you have any other questions or need further assistance!"
,2024-07-24 02:09:51,print table names,"The table names in the company's database are 'customers', 'orderdetails', 'orders', and 'products'."
